{"5oK1qZeFwF3QicdcZDcoYA==":"mbr.png","FMoo1Kp5HDmsQqsaKnYoag==":"7ab4d65d5f37028996e1a7a50831d0a2.png","C0ok6BVvKrQzwjhV3UBoOw==":"7ab4d65d5f37028996e1a7a50831d0a2-1.png","DMgBU1ecMYH2HZ+waIyoHg==":"%D1%81%D1%80%D0%B0%D0%B2%D0%BD%D0%B8%D1%82%D0%B5%D0%BB%D1%8C%D0%BD%D1%8B%D0%B9%20%D0%B0%D0%BD%D0%B0%D0%BB%D0%B8%D0%B7-692x799.jpg","SE7CJ3tS9LUuySDU0TLPcA==":"2-2-128x122.png","yaO6Fy9neblzbGPGk2XRWA==":"%D1%81%D1%80%D0%B0%D0%B2%D0%BD%D0%B8%D1%82%D0%B5%D0%BB%D1%8C%D0%BD%D1%8B%D0%B9%20%D0%B0%D0%BD%D0%B0%D0%BB%D0%B8%D0%B7-692x799.jpeg","AD7lAW8pZjv63mQOHPWOCg==":"xc265634c-e1587393087184.png.pagespeed.gp+jp+jw+pj+ws+js+rj+rp+rw+ri+cp+md.ic.mbcalta-4--596x304.jpg","cKH/bKik6WDNqs7nkVrDwA==":"3%20%D0%BF%D0%BE%D0%BB%D0%BA%D0%B8-596x358.jpg","lViJAU7x+ylofQAUbBAedg==":"imgonline-com-ua-transparent-backgr-ywcawpo4twun-596x742.jpg","G2YSP5uFR/dhVM1kIQxnSg==":"nr-h424-13s-596x437.jpg","2lxJXwVXamTfPHNkCK4khg==":"%D1%84%D0%B5%D1%80%D0%BC%D0%B0-596x358.jpg","LC1qmysrdT1c9hJMk7k54A==":"h98bdze0tla-719x960.jpeg","n2G3uctny7QeBPh+n4hLSg==":"edab5e545cc8cf6a49faaa8a9ea6a3d0_l-600x450.jpg","fnYY9+iOL/VhWR+llZ3AGQ==":"214194468_120772383559255_7538461915284656929_n-750x750.jpg","uk+jp0UPiNBr3uKZN8xK6Q==":"214292075_120772380225922_4784237741275863954_n-749x749.jpg","bzhDDL3bN1BPW/Ni+IAFXw==":"bbru_c0liyg-750x724.jpg","00ueQgwVjnI8sOOwCGlM4g==":"j5iuzf0p2zs-750x844.jpg","A6umw2E7O8cAJIS+uxXKRg==":"photo_2022-01-16_13-46-21-959x1280.jpeg","ytWwZRhjatBgXK9qVqcDwQ==":"photo_2022-01-16_14-01-2-816x1088.jpeg"}